IDCode,narrative_text
paxi044,"Behaviour summary: correct_level=low, speed=fast, timing_variability=highly variable, correct_streak=short, incorrect_streak=long, consecutive_correct=rare."
pivi588,"Behaviour summary: correct_level=high, speed=moderate, timing_variability=highly variable, correct_streak=long, incorrect_streak=short, consecutive_correct=frequent."
weda047,"Behaviour summary: correct_level=high, speed=fast, timing_variability=moderately variable, correct_streak=long, incorrect_streak=short, consecutive_correct=frequent."
zoka501,"Behaviour summary: correct_level=medium, speed=moderate, timing_variability=stable, correct_streak=moderate, incorrect_streak=moderate, consecutive_correct=rare."
hyku415,"Behaviour summary: correct_level=medium, speed=slow, timing_variability=highly variable, correct_streak=long, incorrect_streak=short, consecutive_correct=occasional."
syvi476,"Behaviour summary: correct_level=low, speed=fast, timing_variability=stable, correct_streak=short, incorrect_streak=long, consecutive_correct=rare."
kuqy630,"Behaviour summary: correct_level=high, speed=slow, timing_variability=highly variable, correct_streak=moderate, incorrect_streak=short, consecutive_correct=occasional."
node314,"Behaviour summary: correct_level=low, speed=slow, timing_variability=highly variable, correct_streak=moderate, incorrect_streak=moderate, consecutive_correct=rare."
mybu425,"Behaviour summary: correct_level=medium, speed=moderate, timing_variability=highly variable, correct_streak=moderate, incorrect_streak=long, consecutive_correct=occasional."
pyqy867,"Behaviour summary: correct_level=high, speed=moderate, timing_variability=moderately variable, correct_streak=moderate, incorrect_streak=short, consecutive_correct=occasional."
tywo507,"Behaviour summary: correct_level=high, speed=fast, timing_variability=stable, correct_streak=moderate, incorrect_streak=short, consecutive_correct=frequent."
nuhi137,"Behaviour summary: correct_level=low, speed=fast, timing_variability=stable, correct_streak=short, incorrect_streak=long, consecutive_correct=rare."
vuho146,"Behaviour summary: correct_level=low, speed=slow, timing_variability=highly variable, correct_streak=short, incorrect_streak=long, consecutive_correct=rare."
nysa238,"Behaviour summary: correct_level=low, speed=slow, timing_variability=highly variable, correct_streak=moderate, incorrect_streak=long, consecutive_correct=rare."
kisa730,"Behaviour summary: correct_level=medium, speed=slow, timing_variability=highly variable, correct_streak=moderate, incorrect_streak=moderate, consecutive_correct=occasional."
doza768,"Behaviour summary: correct_level=low, speed=slow, timing_variability=highly variable, correct_streak=short, incorrect_streak=moderate, consecutive_correct=rare."
sapu497,"Behaviour summary: correct_level=low, speed=slow, timing_variability=moderately variable, correct_streak=moderate, incorrect_streak=long, consecutive_correct=rare."
dila385,"Behaviour summary: correct_level=medium, speed=moderate, timing_variability=moderately variable, correct_streak=moderate, incorrect_streak=moderate, consecutive_correct=occasional."
pymu787,"Behaviour summary: correct_level=low, speed=moderate, timing_variability=highly variable, correct_streak=moderate, incorrect_streak=long, consecutive_correct=rare."
bejy525,"Behaviour summary: correct_level=medium, speed=slow, timing_variability=highly variable, correct_streak=long, incorrect_streak=long, consecutive_correct=occasional."
bajo794,"Behaviour summary: correct_level=medium, speed=moderate, timing_variability=moderately variable, correct_streak=moderate, incorrect_streak=moderate, consecutive_correct=occasional."
dugu064,"Behaviour summary: correct_level=low, speed=moderate, timing_variability=highly variable, correct_streak=moderate, incorrect_streak=long, consecutive_correct=rare."
hiwu738,"Behaviour summary: correct_level=high, speed=fast, timing_variability=moderately variable, correct_streak=moderate, incorrect_streak=short, consecutive_correct=frequent."
zucy684,"Behaviour summary: correct_level=high, speed=slow, timing_variability=highly variable, correct_streak=long, incorrect_streak=moderate, consecutive_correct=frequent."
huxe147,"Behaviour summary: correct_level=low, speed=slow, timing_variability=moderately variable, correct_streak=short, incorrect_streak=long, consecutive_correct=rare."
woza563,"Behaviour summary: correct_level=low, speed=slow, timing_variability=highly variable, correct_streak=short, incorrect_streak=long, consecutive_correct=rare."
neku787,"Behaviour summary: correct_level=medium, speed=moderate, timing_variability=moderately variable, correct_streak=moderate, incorrect_streak=short, consecutive_correct=occasional."
navo572,"Behaviour summary: correct_level=low, speed=slow, timing_variability=moderately variable, correct_streak=moderate, incorrect_streak=long, consecutive_correct=rare."
gola051,"Behaviour summary: correct_level=medium, speed=fast, timing_variability=stable, correct_streak=moderate, incorrect_streak=long, consecutive_correct=occasional."
pyzo535,"Behaviour summary: correct_level=low, speed=slow, timing_variability=highly variable, correct_streak=short, incorrect_streak=long, consecutive_correct=rare."
xoky149,"Behaviour summary: correct_level=medium, speed=slow, timing_variability=highly variable, correct_streak=short, incorrect_streak=long, consecutive_correct=occasional."
loxu319,"Behaviour summary: correct_level=high, speed=slow, timing_variability=moderately variable, correct_streak=long, incorrect_streak=short, consecutive_correct=frequent."
qisu640,"Behaviour summary: correct_level=low, speed=moderate, timing_variability=highly variable, correct_streak=moderate, incorrect_streak=long, consecutive_correct=rare."
gery678,"Behaviour summary: correct_level=low, speed=fast, timing_variability=stable, correct_streak=short, incorrect_streak=long, consecutive_correct=rare."
huho039,"Behaviour summary: correct_level=medium, speed=slow, timing_variability=highly variable, correct_streak=short, incorrect_streak=long, consecutive_correct=frequent."
wozo826,"Behaviour summary: correct_level=low, speed=slow, timing_variability=highly variable, correct_streak=moderate, incorrect_streak=long, consecutive_correct=rare."
soru820,"Behaviour summary: correct_level=low, speed=slow, timing_variability=highly variable, correct_streak=short, incorrect_streak=long, consecutive_correct=rare."
fari709,"Behaviour summary: correct_level=low, speed=moderate, timing_variability=stable, correct_streak=short, incorrect_streak=long, consecutive_correct=rare."
qapo730,"Behaviour summary: correct_level=low, speed=slow, timing_variability=moderately variable, correct_streak=short, incorrect_streak=long, consecutive_correct=rare."
najy705,"Behaviour summary: correct_level=low, speed=moderate, timing_variability=stable, correct_streak=short, incorrect_streak=long, consecutive_correct=rare."
sejy814,"Behaviour summary: correct_level=high, speed=fast, timing_variability=moderately variable, correct_streak=moderate, incorrect_streak=short, consecutive_correct=frequent."
laze716,"Behaviour summary: correct_level=medium, speed=moderate, timing_variability=highly variable, correct_streak=moderate, incorrect_streak=moderate, consecutive_correct=occasional."
kojo378,"Behaviour summary: correct_level=low, speed=fast, timing_variability=stable, correct_streak=short, incorrect_streak=long, consecutive_correct=rare."
tepu554,"Behaviour summary: correct_level=high, speed=moderate, timing_variability=stable, correct_streak=long, incorrect_streak=short, consecutive_correct=frequent."
dyva324,"Behaviour summary: correct_level=low, speed=moderate, timing_variability=moderately variable, correct_streak=short, incorrect_streak=long, consecutive_correct=rare."
pusu302,"Behaviour summary: correct_level=low, speed=slow, timing_variability=highly variable, correct_streak=short, incorrect_streak=long, consecutive_correct=rare."
xamy888,"Behaviour summary: correct_level=low, speed=moderate, timing_variability=stable, correct_streak=short, incorrect_streak=moderate, consecutive_correct=rare."
ninu744,"Behaviour summary: correct_level=low, speed=fast, timing_variability=stable, correct_streak=short, incorrect_streak=long, consecutive_correct=rare."
punu537,"Behaviour summary: correct_level=medium, speed=fast, timing_variability=stable, correct_streak=moderate, incorrect_streak=long, consecutive_correct=occasional."
zufa556,"Behaviour summary: correct_level=low, speed=moderate, timing_variability=stable, correct_streak=short, incorrect_streak=long, consecutive_correct=rare."
losy787,"Behaviour summary: correct_level=low, speed=slow, timing_variability=highly variable, correct_streak=moderate, incorrect_streak=long, consecutive_correct=rare."
fuxa711,"Behaviour summary: correct_level=low, speed=moderate, timing_variability=moderately variable, correct_streak=short, incorrect_streak=long, consecutive_correct=rare."
myzo000,"Behaviour summary: correct_level=medium, speed=slow, timing_variability=highly variable, correct_streak=moderate, incorrect_streak=moderate, consecutive_correct=occasional."
jygo886,"Behaviour summary: correct_level=low, speed=slow, timing_variability=moderately variable, correct_streak=short, incorrect_streak=long, consecutive_correct=rare."
dyzo734,"Behaviour summary: correct_level=low, speed=fast, timing_variability=moderately variable, correct_streak=short, incorrect_streak=long, consecutive_correct=rare."
ciky680,"Behaviour summary: correct_level=high, speed=slow, timing_variability=moderately variable, correct_streak=long, incorrect_streak=short, consecutive_correct=frequent."
nopo152,"Behaviour summary: correct_level=low, speed=fast, timing_variability=stable, correct_streak=moderate, incorrect_streak=long, consecutive_correct=rare."
tivy194,"Behaviour summary: correct_level=low, speed=fast, timing_variability=stable, correct_streak=short, incorrect_streak=short, consecutive_correct=rare."
biry098,"Behaviour summary: correct_level=low, speed=slow, timing_variability=moderately variable, correct_streak=short, incorrect_streak=long, consecutive_correct=rare."
tebo981,"Behaviour summary: correct_level=high, speed=fast, timing_variability=moderately variable, correct_streak=long, incorrect_streak=short, consecutive_correct=frequent."
jyma323,"Behaviour summary: correct_level=medium, speed=fast, timing_variability=moderately variable, correct_streak=long, incorrect_streak=short, consecutive_correct=occasional."
cani065,"Behaviour summary: correct_level=high, speed=moderate, timing_variability=moderately variable, correct_streak=long, incorrect_streak=short, consecutive_correct=occasional."
puxi257,"Behaviour summary: correct_level=low, speed=fast, timing_variability=moderately variable, correct_streak=short, incorrect_streak=long, consecutive_correct=rare."
jemy201,"Behaviour summary: correct_level=medium, speed=fast, timing_variability=stable, correct_streak=short, incorrect_streak=long, consecutive_correct=occasional."
woqa919,"Behaviour summary: correct_level=medium, speed=slow, timing_variability=moderately variable, correct_streak=short, incorrect_streak=short, consecutive_correct=occasional."
huze427,"Behaviour summary: correct_level=low, speed=fast, timing_variability=stable, correct_streak=short, incorrect_streak=long, consecutive_correct=rare."
jaxe723,"Behaviour summary: correct_level=high, speed=moderate, timing_variability=stable, correct_streak=moderate, incorrect_streak=short, consecutive_correct=frequent."
xamy676,"Behaviour summary: correct_level=low, speed=moderate, timing_variability=moderately variable, correct_streak=short, incorrect_streak=long, consecutive_correct=rare."
lowy720,"Behaviour summary: correct_level=medium, speed=slow, timing_variability=highly variable, correct_streak=short, incorrect_streak=moderate, consecutive_correct=occasional."
mixa281,"Behaviour summary: correct_level=low, speed=moderate, timing_variability=moderately variable, correct_streak=moderate, incorrect_streak=long, consecutive_correct=rare."
sipy389,"Behaviour summary: correct_level=low, speed=slow, timing_variability=stable, correct_streak=short, incorrect_streak=long, consecutive_correct=rare."
bube109,"Behaviour summary: correct_level=medium, speed=moderate, timing_variability=moderately variable, correct_streak=short, incorrect_streak=moderate, consecutive_correct=occasional."
boqe999,"Behaviour summary: correct_level=high, speed=fast, timing_variability=stable, correct_streak=long, incorrect_streak=short, consecutive_correct=frequent."
guzo911,"Behaviour summary: correct_level=medium, speed=slow, timing_variability=highly variable, correct_streak=moderate, incorrect_streak=long, consecutive_correct=occasional."
guxe800,"Behaviour summary: correct_level=medium, speed=slow, timing_variability=highly variable, correct_streak=moderate, incorrect_streak=moderate, consecutive_correct=occasional."
dove442,"Behaviour summary: correct_level=medium, speed=moderate, timing_variability=highly variable, correct_streak=short, incorrect_streak=long, consecutive_correct=occasional."
zivi062,"Behaviour summary: correct_level=low, speed=fast, timing_variability=stable, correct_streak=moderate, incorrect_streak=long, consecutive_correct=rare."
lury747,"Behaviour summary: correct_level=low, speed=moderate, timing_variability=moderately variable, correct_streak=short, incorrect_streak=moderate, consecutive_correct=rare."
tuve726,"Behaviour summary: correct_level=medium, speed=slow, timing_variability=highly variable, correct_streak=moderate, incorrect_streak=long, consecutive_correct=occasional."
vihu826,"Behaviour summary: correct_level=high, speed=slow, timing_variability=highly variable, correct_streak=moderate, incorrect_streak=short, consecutive_correct=frequent."
hata313,"Behaviour summary: correct_level=low, speed=moderate, timing_variability=moderately variable, correct_streak=moderate, incorrect_streak=long, consecutive_correct=rare."
hoki309,"Behaviour summary: correct_level=low, speed=moderate, timing_variability=highly variable, correct_streak=short, incorrect_streak=long, consecutive_correct=rare."
kyzy131,"Behaviour summary: correct_level=low, speed=moderate, timing_variability=moderately variable, correct_streak=short, incorrect_streak=long, consecutive_correct=rare."
syti148,"Behaviour summary: correct_level=medium, speed=moderate, timing_variability=highly variable, correct_streak=moderate, incorrect_streak=moderate, consecutive_correct=frequent."
syco853,"Behaviour summary: correct_level=high, speed=slow, timing_variability=highly variable, correct_streak=long, incorrect_streak=short, consecutive_correct=frequent."
sefy975,"Behaviour summary: correct_level=low, speed=moderate, timing_variability=stable, correct_streak=moderate, incorrect_streak=long, consecutive_correct=rare."
jese656,"Behaviour summary: correct_level=high, speed=moderate, timing_variability=moderately variable, correct_streak=moderate, incorrect_streak=short, consecutive_correct=frequent."
guge611,"Behaviour summary: correct_level=low, speed=slow, timing_variability=moderately variable, correct_streak=short, incorrect_streak=long, consecutive_correct=rare."
mesi806,"Behaviour summary: correct_level=low, speed=slow, timing_variability=highly variable, correct_streak=short, incorrect_streak=long, consecutive_correct=rare."
sesi698,"Behaviour summary: correct_level=high, speed=moderate, timing_variability=moderately variable, correct_streak=long, incorrect_streak=short, consecutive_correct=frequent."
gopa505,"Behaviour summary: correct_level=medium, speed=slow, timing_variability=highly variable, correct_streak=long, incorrect_streak=long, consecutive_correct=occasional."
duwi894,"Behaviour summary: correct_level=high, speed=moderate, timing_variability=highly variable, correct_streak=moderate, incorrect_streak=short, consecutive_correct=occasional."
hasa034,"Behaviour summary: correct_level=medium, speed=slow, timing_variability=highly variable, correct_streak=short, incorrect_streak=short, consecutive_correct=rare."
pile112,"Behaviour summary: correct_level=high, speed=moderate, timing_variability=highly variable, correct_streak=long, incorrect_streak=short, consecutive_correct=frequent."
sivi804,"Behaviour summary: correct_level=low, speed=slow, timing_variability=moderately variable, correct_streak=short, incorrect_streak=long, consecutive_correct=rare."
maho931,"Behaviour summary: correct_level=low, speed=fast, timing_variability=highly variable, correct_streak=moderate, incorrect_streak=long, consecutive_correct=rare."
waho571,"Behaviour summary: correct_level=low, speed=slow, timing_variability=stable, correct_streak=moderate, incorrect_streak=long, consecutive_correct=rare."
mowy859,"Behaviour summary: correct_level=low, speed=slow, timing_variability=highly variable, correct_streak=short, incorrect_streak=long, consecutive_correct=rare."
rihi168,"Behaviour summary: correct_level=low, speed=slow, timing_variability=highly variable, correct_streak=short, incorrect_streak=long, consecutive_correct=rare."
siry766,"Behaviour summary: correct_level=medium, speed=slow, timing_variability=highly variable, correct_streak=moderate, incorrect_streak=moderate, consecutive_correct=occasional."
qefe646,"Behaviour summary: correct_level=low, speed=moderate, timing_variability=highly variable, correct_streak=short, incorrect_streak=long, consecutive_correct=rare."
zojo883,"Behaviour summary: correct_level=high, speed=moderate, timing_variability=moderately variable, correct_streak=moderate, incorrect_streak=short, consecutive_correct=frequent."
dero258,"Behaviour summary: correct_level=high, speed=fast, timing_variability=stable, correct_streak=long, incorrect_streak=short, consecutive_correct=frequent."
mika525,"Behaviour summary: correct_level=low, speed=moderate, timing_variability=stable, correct_streak=short, incorrect_streak=moderate, consecutive_correct=rare."
xohi599,"Behaviour summary: correct_level=high, speed=fast, timing_variability=stable, correct_streak=moderate, incorrect_streak=short, consecutive_correct=frequent."
tebe135,"Behaviour summary: correct_level=low, speed=slow, timing_variability=highly variable, correct_streak=short, incorrect_streak=long, consecutive_correct=rare."
naso669,"Behaviour summary: correct_level=low, speed=fast, timing_variability=stable, correct_streak=short, incorrect_streak=long, consecutive_correct=rare."
qecu035,"Behaviour summary: correct_level=high, speed=slow, timing_variability=highly variable, correct_streak=moderate, incorrect_streak=short, consecutive_correct=frequent."
zywy107,"Behaviour summary: correct_level=medium, speed=slow, timing_variability=highly variable, correct_streak=short, incorrect_streak=moderate, consecutive_correct=occasional."
cave700,"Behaviour summary: correct_level=low, speed=moderate, timing_variability=moderately variable, correct_streak=short, incorrect_streak=long, consecutive_correct=rare."
nupy082,"Behaviour summary: correct_level=high, speed=fast, timing_variability=highly variable, correct_streak=long, incorrect_streak=moderate, consecutive_correct=frequent."
hoge626,"Behaviour summary: correct_level=high, speed=fast, timing_variability=moderately variable, correct_streak=long, incorrect_streak=short, consecutive_correct=frequent."
nivo041,"Behaviour summary: correct_level=high, speed=slow, timing_variability=highly variable, correct_streak=moderate, incorrect_streak=short, consecutive_correct=frequent."
karo919,"Behaviour summary: correct_level=low, speed=moderate, timing_variability=moderately variable, correct_streak=short, incorrect_streak=long, consecutive_correct=rare."
vuhe805,"Behaviour summary: correct_level=medium, speed=slow, timing_variability=moderately variable, correct_streak=moderate, incorrect_streak=short, consecutive_correct=occasional."
kebi083,"Behaviour summary: correct_level=medium, speed=fast, timing_variability=stable, correct_streak=moderate, incorrect_streak=long, consecutive_correct=occasional."
faly535,"Behaviour summary: correct_level=low, speed=slow, timing_variability=moderately variable, correct_streak=short, incorrect_streak=long, consecutive_correct=rare."
gelo627,"Behaviour summary: correct_level=low, speed=fast, timing_variability=moderately variable, correct_streak=short, incorrect_streak=long, consecutive_correct=rare."
vili771,"Behaviour summary: correct_level=high, speed=moderate, timing_variability=moderately variable, correct_streak=long, incorrect_streak=short, consecutive_correct=frequent."
katu927,"Behaviour summary: correct_level=medium, speed=moderate, timing_variability=moderately variable, correct_streak=moderate, incorrect_streak=short, consecutive_correct=occasional."
xiza150,"Behaviour summary: correct_level=low, speed=fast, timing_variability=stable, correct_streak=short, incorrect_streak=long, consecutive_correct=rare."
bevi590,"Behaviour summary: correct_level=high, speed=fast, timing_variability=stable, correct_streak=moderate, incorrect_streak=short, consecutive_correct=frequent."
huve181,"Behaviour summary: correct_level=low, speed=moderate, timing_variability=moderately variable, correct_streak=short, incorrect_streak=long, consecutive_correct=rare."
fite050,"Behaviour summary: correct_level=high, speed=fast, timing_variability=stable, correct_streak=long, incorrect_streak=long, consecutive_correct=frequent."
nysu060,"Behaviour summary: correct_level=high, speed=fast, timing_variability=stable, correct_streak=long, incorrect_streak=moderate, consecutive_correct=frequent."
kaho190,"Behaviour summary: correct_level=medium, speed=slow, timing_variability=highly variable, correct_streak=short, incorrect_streak=moderate, consecutive_correct=occasional."
lany944,"Behaviour summary: correct_level=high, speed=fast, timing_variability=stable, correct_streak=long, incorrect_streak=short, consecutive_correct=frequent."
maqu534,"Behaviour summary: correct_level=medium, speed=slow, timing_variability=highly variable, correct_streak=moderate, incorrect_streak=long, consecutive_correct=occasional."
wuga870,"Behaviour summary: correct_level=medium, speed=slow, timing_variability=highly variable, correct_streak=short, incorrect_streak=moderate, consecutive_correct=occasional."
wyva352,"Behaviour summary: correct_level=medium, speed=slow, timing_variability=highly variable, correct_streak=moderate, incorrect_streak=short, consecutive_correct=occasional."
hime464,"Behaviour summary: correct_level=medium, speed=moderate, timing_variability=stable, correct_streak=moderate, incorrect_streak=short, consecutive_correct=occasional."
jexu775,"Behaviour summary: correct_level=medium, speed=moderate, timing_variability=moderately variable, correct_streak=moderate, incorrect_streak=long, consecutive_correct=occasional."
tuga736,"Behaviour summary: correct_level=low, speed=fast, timing_variability=moderately variable, correct_streak=short, incorrect_streak=moderate, consecutive_correct=rare."
hyfe498,"Behaviour summary: correct_level=low, speed=fast, timing_variability=stable, correct_streak=short, incorrect_streak=long, consecutive_correct=rare."
bomo360,"Behaviour summary: correct_level=high, speed=moderate, timing_variability=moderately variable, correct_streak=moderate, incorrect_streak=short, consecutive_correct=frequent."
lomo204,"Behaviour summary: correct_level=high, speed=moderate, timing_variability=moderately variable, correct_streak=long, incorrect_streak=short, consecutive_correct=frequent."
mipe544,"Behaviour summary: correct_level=medium, speed=fast, timing_variability=stable, correct_streak=moderate, incorrect_streak=short, consecutive_correct=occasional."
hufy497,"Behaviour summary: correct_level=high, speed=fast, timing_variability=stable, correct_streak=long, incorrect_streak=short, consecutive_correct=frequent."
rapo919,"Behaviour summary: correct_level=medium, speed=fast, timing_variability=moderately variable, correct_streak=moderate, incorrect_streak=long, consecutive_correct=occasional."
gata076,"Behaviour summary: correct_level=low, speed=slow, timing_variability=highly variable, correct_streak=short, incorrect_streak=long, consecutive_correct=rare."
muvo194,"Behaviour summary: correct_level=low, speed=slow, timing_variability=highly variable, correct_streak=short, incorrect_streak=long, consecutive_correct=rare."
cywo537,"Behaviour summary: correct_level=medium, speed=moderate, timing_variability=moderately variable, correct_streak=moderate, incorrect_streak=long, consecutive_correct=occasional."
xamy327,"Behaviour summary: correct_level=low, speed=slow, timing_variability=highly variable, correct_streak=moderate, incorrect_streak=long, consecutive_correct=occasional."
cogu074,"Behaviour summary: correct_level=high, speed=slow, timing_variability=moderately variable, correct_streak=long, incorrect_streak=short, consecutive_correct=frequent."
rapo615,"Behaviour summary: correct_level=low, speed=slow, timing_variability=highly variable, correct_streak=short, incorrect_streak=long, consecutive_correct=rare."
zady580,"Behaviour summary: correct_level=low, speed=slow, timing_variability=highly variable, correct_streak=short, incorrect_streak=long, consecutive_correct=rare."
nujo284,"Behaviour summary: correct_level=medium, speed=slow, timing_variability=highly variable, correct_streak=short, incorrect_streak=short, consecutive_correct=occasional."
syzu625,"Behaviour summary: correct_level=medium, speed=slow, timing_variability=highly variable, correct_streak=long, incorrect_streak=long, consecutive_correct=occasional."
myte214,"Behaviour summary: correct_level=medium, speed=slow, timing_variability=highly variable, correct_streak=moderate, incorrect_streak=moderate, consecutive_correct=occasional."
tyzo440,"Behaviour summary: correct_level=low, speed=slow, timing_variability=highly variable, correct_streak=short, incorrect_streak=long, consecutive_correct=rare."
vyzo298,"Behaviour summary: correct_level=high, speed=fast, timing_variability=stable, correct_streak=long, incorrect_streak=short, consecutive_correct=occasional."
hiwu589,"Behaviour summary: correct_level=medium, speed=slow, timing_variability=highly variable, correct_streak=short, incorrect_streak=long, consecutive_correct=rare."
sazy810,"Behaviour summary: correct_level=high, speed=moderate, timing_variability=moderately variable, correct_streak=long, incorrect_streak=short, consecutive_correct=frequent."
turi097,"Behaviour summary: correct_level=medium, speed=fast, timing_variability=moderately variable, correct_streak=moderate, incorrect_streak=long, consecutive_correct=occasional."
foji729,"Behaviour summary: correct_level=medium, speed=fast, timing_variability=stable, correct_streak=moderate, incorrect_streak=short, consecutive_correct=occasional."
dexe201,"Behaviour summary: correct_level=high, speed=moderate, timing_variability=moderately variable, correct_streak=short, incorrect_streak=short, consecutive_correct=frequent."
dosu709,"Behaviour summary: correct_level=medium, speed=slow, timing_variability=highly variable, correct_streak=long, incorrect_streak=long, consecutive_correct=frequent."
doxe392,"Behaviour summary: correct_level=low, speed=slow, timing_variability=highly variable, correct_streak=short, incorrect_streak=long, consecutive_correct=rare."
culu497,"Behaviour summary: correct_level=medium, speed=slow, timing_variability=highly variable, correct_streak=moderate, incorrect_streak=long, consecutive_correct=occasional."
lije367,"Behaviour summary: correct_level=high, speed=slow, timing_variability=highly variable, correct_streak=long, incorrect_streak=short, consecutive_correct=frequent."
vice024,"Behaviour summary: correct_level=high, speed=fast, timing_variability=stable, correct_streak=short, incorrect_streak=short, consecutive_correct=frequent."
kapy740,"Behaviour summary: correct_level=high, speed=slow, timing_variability=moderately variable, correct_streak=long, incorrect_streak=moderate, consecutive_correct=frequent."
vudi262,"Behaviour summary: correct_level=low, speed=fast, timing_variability=moderately variable, correct_streak=short, incorrect_streak=long, consecutive_correct=rare."
tuza510,"Behaviour summary: correct_level=low, speed=moderate, timing_variability=moderately variable, correct_streak=short, incorrect_streak=moderate, consecutive_correct=rare."
tubo945,"Behaviour summary: correct_level=high, speed=fast, timing_variability=moderately variable, correct_streak=long, incorrect_streak=short, consecutive_correct=frequent."
bofi323,"Behaviour summary: correct_level=medium, speed=slow, timing_variability=moderately variable, correct_streak=long, incorrect_streak=long, consecutive_correct=occasional."
zeji633,"Behaviour summary: correct_level=low, speed=slow, timing_variability=highly variable, correct_streak=short, incorrect_streak=long, consecutive_correct=rare."
bowo488,"Behaviour summary: correct_level=low, speed=slow, timing_variability=highly variable, correct_streak=moderate, incorrect_streak=long, consecutive_correct=rare."
pipo687,"Behaviour summary: correct_level=low, speed=slow, timing_variability=highly variable, correct_streak=short, incorrect_streak=long, consecutive_correct=rare."
core934,"Behaviour summary: correct_level=medium, speed=slow, timing_variability=highly variable, correct_streak=moderate, incorrect_streak=moderate, consecutive_correct=occasional."
dedu084,"Behaviour summary: correct_level=low, speed=slow, timing_variability=moderately variable, correct_streak=moderate, incorrect_streak=long, consecutive_correct=rare."
lowa532,"Behaviour summary: correct_level=low, speed=slow, timing_variability=moderately variable, correct_streak=short, incorrect_streak=long, consecutive_correct=rare."
zuha759,"Behaviour summary: correct_level=low, speed=slow, timing_variability=highly variable, correct_streak=short, incorrect_streak=long, consecutive_correct=rare."
qafu966,"Behaviour summary: correct_level=low, speed=slow, timing_variability=highly variable, correct_streak=short, incorrect_streak=long, consecutive_correct=rare."
lobo127,"Behaviour summary: correct_level=medium, speed=slow, timing_variability=highly variable, correct_streak=long, incorrect_streak=long, consecutive_correct=occasional."
homa046,"Behaviour summary: correct_level=low, speed=slow, timing_variability=highly variable, correct_streak=short, incorrect_streak=long, consecutive_correct=rare."
keno764,"Behaviour summary: correct_level=low, speed=moderate, timing_variability=stable, correct_streak=short, incorrect_streak=long, consecutive_correct=rare."
habe142,"Behaviour summary: correct_level=medium, speed=slow, timing_variability=moderately variable, correct_streak=moderate, incorrect_streak=moderate, consecutive_correct=occasional."
joti731,"Behaviour summary: correct_level=high, speed=fast, timing_variability=stable, correct_streak=long, incorrect_streak=short, consecutive_correct=frequent."
reve265,"Behaviour summary: correct_level=medium, speed=fast, timing_variability=stable, correct_streak=short, incorrect_streak=long, consecutive_correct=occasional."
cyca115,"Behaviour summary: correct_level=high, speed=fast, timing_variability=moderately variable, correct_streak=long, incorrect_streak=short, consecutive_correct=frequent."
rawo522,"Behaviour summary: correct_level=high, speed=moderate, timing_variability=moderately variable, correct_streak=long, incorrect_streak=short, consecutive_correct=frequent."
pogi169,"Behaviour summary: correct_level=high, speed=slow, timing_variability=highly variable, correct_streak=long, incorrect_streak=short, consecutive_correct=frequent."
vepi727,"Behaviour summary: correct_level=medium, speed=slow, timing_variability=moderately variable, correct_streak=moderate, incorrect_streak=long, consecutive_correct=occasional."
risy585,"Behaviour summary: correct_level=low, speed=moderate, timing_variability=stable, correct_streak=moderate, incorrect_streak=short, consecutive_correct=rare."
fefu774,"Behaviour summary: correct_level=high, speed=fast, timing_variability=stable, correct_streak=short, incorrect_streak=short, consecutive_correct=occasional."
wyxo615,"Behaviour summary: correct_level=high, speed=moderate, timing_variability=moderately variable, correct_streak=moderate, incorrect_streak=short, consecutive_correct=frequent."
ciby707,"Behaviour summary: correct_level=high, speed=slow, timing_variability=highly variable, correct_streak=long, incorrect_streak=short, consecutive_correct=frequent."
xuvy948,"Behaviour summary: correct_level=high, speed=moderate, timing_variability=highly variable, correct_streak=long, incorrect_streak=short, consecutive_correct=frequent."
ravy196,"Behaviour summary: correct_level=high, speed=moderate, timing_variability=moderately variable, correct_streak=long, incorrect_streak=short, consecutive_correct=frequent."
loge702,"Behaviour summary: correct_level=medium, speed=moderate, timing_variability=moderately variable, correct_streak=moderate, incorrect_streak=moderate, consecutive_correct=rare."
viry492,"Behaviour summary: correct_level=medium, speed=slow, timing_variability=moderately variable, correct_streak=long, incorrect_streak=long, consecutive_correct=occasional."
gowa049,"Behaviour summary: correct_level=high, speed=moderate, timing_variability=highly variable, correct_streak=long, incorrect_streak=short, consecutive_correct=occasional."
vyva107,"Behaviour summary: correct_level=medium, speed=moderate, timing_variability=stable, correct_streak=long, incorrect_streak=moderate, consecutive_correct=occasional."
duxo262,"Behaviour summary: correct_level=high, speed=moderate, timing_variability=stable, correct_streak=long, incorrect_streak=short, consecutive_correct=frequent."
peto053,"Behaviour summary: correct_level=high, speed=fast, timing_variability=moderately variable, correct_streak=long, incorrect_streak=short, consecutive_correct=frequent."
difi858,"Behaviour summary: correct_level=high, speed=fast, timing_variability=moderately variable, correct_streak=long, incorrect_streak=short, consecutive_correct=frequent."
xoru423,"Behaviour summary: correct_level=medium, speed=slow, timing_variability=moderately variable, correct_streak=short, incorrect_streak=short, consecutive_correct=occasional."
wizy437,"Behaviour summary: correct_level=high, speed=moderate, timing_variability=highly variable, correct_streak=moderate, incorrect_streak=short, consecutive_correct=frequent."
kuge219,"Behaviour summary: correct_level=high, speed=moderate, timing_variability=highly variable, correct_streak=long, incorrect_streak=short, consecutive_correct=frequent."
hazu473,"Behaviour summary: correct_level=medium, speed=slow, timing_variability=moderately variable, correct_streak=moderate, incorrect_streak=long, consecutive_correct=occasional."
gono087,"Behaviour summary: correct_level=medium, speed=slow, timing_variability=highly variable, correct_streak=short, incorrect_streak=short, consecutive_correct=occasional."
vury347,"Behaviour summary: correct_level=medium, speed=moderate, timing_variability=moderately variable, correct_streak=long, incorrect_streak=short, consecutive_correct=occasional."
copo281,"Behaviour summary: correct_level=low, speed=fast, timing_variability=moderately variable, correct_streak=short, incorrect_streak=long, consecutive_correct=rare."
heda014,"Behaviour summary: correct_level=high, speed=moderate, timing_variability=moderately variable, correct_streak=long, incorrect_streak=short, consecutive_correct=frequent."
powu461,"Behaviour summary: correct_level=high, speed=slow, timing_variability=moderately variable, correct_streak=long, incorrect_streak=short, consecutive_correct=frequent."
peqa279,"Behaviour summary: correct_level=high, speed=moderate, timing_variability=moderately variable, correct_streak=long, incorrect_streak=short, consecutive_correct=frequent."
lufy687,"Behaviour summary: correct_level=low, speed=moderate, timing_variability=highly variable, correct_streak=short, incorrect_streak=long, consecutive_correct=rare."
koze985,"Behaviour summary: correct_level=high, speed=slow, timing_variability=moderately variable, correct_streak=long, incorrect_streak=short, consecutive_correct=frequent."
hadi890,"Behaviour summary: correct_level=medium, speed=moderate, timing_variability=stable, correct_streak=moderate, incorrect_streak=long, consecutive_correct=occasional."
recu163,"Behaviour summary: correct_level=high, speed=slow, timing_variability=highly variable, correct_streak=long, incorrect_streak=short, consecutive_correct=frequent."
xyzi642,"Behaviour summary: correct_level=high, speed=slow, timing_variability=highly variable, correct_streak=long, incorrect_streak=short, consecutive_correct=frequent."
nejy388,"Behaviour summary: correct_level=low, speed=slow, timing_variability=highly variable, correct_streak=short, incorrect_streak=long, consecutive_correct=rare."
tezy480,"Behaviour summary: correct_level=medium, speed=fast, timing_variability=stable, correct_streak=moderate, incorrect_streak=short, consecutive_correct=occasional."
nawu690,"Behaviour summary: correct_level=medium, speed=moderate, timing_variability=moderately variable, correct_streak=long, incorrect_streak=long, consecutive_correct=frequent."
mofe780,"Behaviour summary: correct_level=low, speed=slow, timing_variability=highly variable, correct_streak=short, incorrect_streak=long, consecutive_correct=rare."
nily317,"Behaviour summary: correct_level=low, speed=slow, timing_variability=highly variable, correct_streak=short, incorrect_streak=long, consecutive_correct=rare."
roho333,"Behaviour summary: correct_level=low, speed=slow, timing_variability=highly variable, correct_streak=moderate, incorrect_streak=long, consecutive_correct=rare."
xime971,"Behaviour summary: correct_level=low, speed=moderate, timing_variability=moderately variable, correct_streak=short, incorrect_streak=long, consecutive_correct=rare."
muqo157,"Behaviour summary: correct_level=low, speed=slow, timing_variability=highly variable, correct_streak=short, incorrect_streak=long, consecutive_correct=rare."
riby296,"Behaviour summary: correct_level=medium, speed=moderate, timing_variability=stable, correct_streak=short, incorrect_streak=long, consecutive_correct=rare."
pala257,"Behaviour summary: correct_level=medium, speed=slow, timing_variability=moderately variable, correct_streak=long, incorrect_streak=moderate, consecutive_correct=occasional."
tuby409,"Behaviour summary: correct_level=medium, speed=fast, timing_variability=moderately variable, correct_streak=long, incorrect_streak=long, consecutive_correct=frequent."
hoxo855,"Behaviour summary: correct_level=low, speed=slow, timing_variability=highly variable, correct_streak=short, incorrect_streak=moderate, consecutive_correct=rare."
qixy634,"Behaviour summary: correct_level=high, speed=slow, timing_variability=highly variable, correct_streak=long, incorrect_streak=short, consecutive_correct=frequent."
niri091,"Behaviour summary: correct_level=medium, speed=moderate, timing_variability=highly variable, correct_streak=moderate, incorrect_streak=short, consecutive_correct=occasional."
lazi600,"Behaviour summary: correct_level=high, speed=moderate, timing_variability=stable, correct_streak=long, incorrect_streak=short, consecutive_correct=frequent."
qedo478,"Behaviour summary: correct_level=low, speed=moderate, timing_variability=moderately variable, correct_streak=moderate, incorrect_streak=long, consecutive_correct=rare."
ruhu758,"Behaviour summary: correct_level=high, speed=slow, timing_variability=moderately variable, correct_streak=long, incorrect_streak=short, consecutive_correct=frequent."
cima563,"Behaviour summary: correct_level=high, speed=slow, timing_variability=highly variable, correct_streak=long, incorrect_streak=short, consecutive_correct=frequent."
lyzy104,"Behaviour summary: correct_level=medium, speed=slow, timing_variability=highly variable, correct_streak=short, incorrect_streak=short, consecutive_correct=rare."
xafy802,"Behaviour summary: correct_level=medium, speed=slow, timing_variability=moderately variable, correct_streak=moderate, incorrect_streak=short, consecutive_correct=occasional."
bacy598,"Behaviour summary: correct_level=low, speed=fast, timing_variability=stable, correct_streak=short, incorrect_streak=long, consecutive_correct=rare."
kexi927,"Behaviour summary: correct_level=low, speed=fast, timing_variability=stable, correct_streak=short, incorrect_streak=long, consecutive_correct=rare."
cumo221,"Behaviour summary: correct_level=high, speed=moderate, timing_variability=moderately variable, correct_streak=long, incorrect_streak=short, consecutive_correct=occasional."
kami789,"Behaviour summary: correct_level=low, speed=moderate, timing_variability=moderately variable, correct_streak=short, incorrect_streak=short, consecutive_correct=rare."
zoko875,"Behaviour summary: correct_level=high, speed=moderate, timing_variability=stable, correct_streak=moderate, incorrect_streak=long, consecutive_correct=frequent."
sina926,"Behaviour summary: correct_level=medium, speed=fast, timing_variability=stable, correct_streak=long, incorrect_streak=moderate, consecutive_correct=frequent."
fise899,"Behaviour summary: correct_level=medium, speed=slow, timing_variability=moderately variable, correct_streak=short, incorrect_streak=long, consecutive_correct=occasional."
cija437,"Behaviour summary: correct_level=high, speed=fast, timing_variability=stable, correct_streak=moderate, incorrect_streak=short, consecutive_correct=frequent."
manu258,"Behaviour summary: correct_level=medium, speed=slow, timing_variability=highly variable, correct_streak=long, incorrect_streak=short, consecutive_correct=frequent."
zuwa573,"Behaviour summary: correct_level=high, speed=moderate, timing_variability=moderately variable, correct_streak=moderate, incorrect_streak=moderate, consecutive_correct=frequent."
joxi410,"Behaviour summary: correct_level=low, speed=slow, timing_variability=moderately variable, correct_streak=short, incorrect_streak=long, consecutive_correct=rare."
muta539,"Behaviour summary: correct_level=high, speed=fast, timing_variability=stable, correct_streak=long, incorrect_streak=short, consecutive_correct=frequent."
reqy562,"Behaviour summary: correct_level=high, speed=slow, timing_variability=moderately variable, correct_streak=long, incorrect_streak=short, consecutive_correct=frequent."
doxe492,"Behaviour summary: correct_level=high, speed=slow, timing_variability=moderately variable, correct_streak=moderate, incorrect_streak=short, consecutive_correct=frequent."
gylu244,"Behaviour summary: correct_level=low, speed=moderate, timing_variability=stable, correct_streak=moderate, incorrect_streak=long, consecutive_correct=rare."
maxy370,"Behaviour summary: correct_level=high, speed=moderate, timing_variability=highly variable, correct_streak=long, incorrect_streak=moderate, consecutive_correct=frequent."
ryko512,"Behaviour summary: correct_level=high, speed=slow, timing_variability=highly variable, correct_streak=long, incorrect_streak=short, consecutive_correct=frequent."
kula014,"Behaviour summary: correct_level=high, speed=slow, timing_variability=moderately variable, correct_streak=moderate, incorrect_streak=short, consecutive_correct=frequent."
jeqy595,"Behaviour summary: correct_level=low, speed=moderate, timing_variability=moderately variable, correct_streak=moderate, incorrect_streak=long, consecutive_correct=rare."
guva627,"Behaviour summary: correct_level=high, speed=moderate, timing_variability=stable, correct_streak=long, incorrect_streak=short, consecutive_correct=frequent."
lohy238,"Behaviour summary: correct_level=high, speed=moderate, timing_variability=highly variable, correct_streak=long, incorrect_streak=short, consecutive_correct=frequent."
cobi870,"Behaviour summary: correct_level=low, speed=moderate, timing_variability=moderately variable, correct_streak=long, incorrect_streak=long, consecutive_correct=occasional."
giki066,"Behaviour summary: correct_level=high, speed=fast, timing_variability=stable, correct_streak=long, incorrect_streak=short, consecutive_correct=frequent."
hywy001,"Behaviour summary: correct_level=medium, speed=fast, timing_variability=stable, correct_streak=moderate, incorrect_streak=short, consecutive_correct=occasional."
feji918,"Behaviour summary: correct_level=high, speed=slow, timing_variability=highly variable, correct_streak=long, incorrect_streak=moderate, consecutive_correct=frequent."
luli756,"Behaviour summary: correct_level=medium, speed=moderate, timing_variability=stable, correct_streak=long, incorrect_streak=moderate, consecutive_correct=frequent."
wumu083,"Behaviour summary: correct_level=high, speed=slow, timing_variability=highly variable, correct_streak=long, incorrect_streak=short, consecutive_correct=frequent."
cyga680,"Behaviour summary: correct_level=high, speed=fast, timing_variability=stable, correct_streak=long, incorrect_streak=moderate, consecutive_correct=frequent."
buvy316,"Behaviour summary: correct_level=medium, speed=slow, timing_variability=highly variable, correct_streak=short, incorrect_streak=moderate, consecutive_correct=occasional."
rejy122,"Behaviour summary: correct_level=high, speed=slow, timing_variability=highly variable, correct_streak=long, incorrect_streak=moderate, consecutive_correct=frequent."
dusi300,"Behaviour summary: correct_level=high, speed=slow, timing_variability=highly variable, correct_streak=moderate, incorrect_streak=short, consecutive_correct=frequent."
howe436,"Behaviour summary: correct_level=high, speed=slow, timing_variability=highly variable, correct_streak=moderate, incorrect_streak=short, consecutive_correct=frequent."
ropi792,"Behaviour summary: correct_level=high, speed=fast, timing_variability=stable, correct_streak=long, incorrect_streak=short, consecutive_correct=frequent."
jemy300,"Behaviour summary: correct_level=high, speed=fast, timing_variability=stable, correct_streak=moderate, incorrect_streak=short, consecutive_correct=frequent."
qexo432,"Behaviour summary: correct_level=medium, speed=moderate, timing_variability=stable, correct_streak=moderate, incorrect_streak=short, consecutive_correct=occasional."
kyso927,"Behaviour summary: correct_level=high, speed=fast, timing_variability=moderately variable, correct_streak=short, incorrect_streak=short, consecutive_correct=frequent."
cozi663,"Behaviour summary: correct_level=low, speed=fast, timing_variability=stable, correct_streak=short, incorrect_streak=long, consecutive_correct=rare."
vani542,"Behaviour summary: correct_level=medium, speed=fast, timing_variability=moderately variable, correct_streak=moderate, incorrect_streak=short, consecutive_correct=occasional."
kaxu871,"Behaviour summary: correct_level=high, speed=moderate, timing_variability=highly variable, correct_streak=moderate, incorrect_streak=moderate, consecutive_correct=frequent."
moku835,"Behaviour summary: correct_level=high, speed=fast, timing_variability=stable, correct_streak=moderate, incorrect_streak=short, consecutive_correct=frequent."
cahe192,"Behaviour summary: correct_level=high, speed=fast, timing_variability=stable, correct_streak=long, incorrect_streak=short, consecutive_correct=frequent."
feso129,"Behaviour summary: correct_level=high, speed=fast, timing_variability=stable, correct_streak=long, incorrect_streak=moderate, consecutive_correct=frequent."
tufa140,"Behaviour summary: correct_level=high, speed=fast, timing_variability=stable, correct_streak=long, incorrect_streak=short, consecutive_correct=frequent."
zigi489,"Behaviour summary: correct_level=low, speed=fast, timing_variability=stable, correct_streak=short, incorrect_streak=moderate, consecutive_correct=rare."
dahi696,"Behaviour summary: correct_level=high, speed=fast, timing_variability=stable, correct_streak=long, incorrect_streak=short, consecutive_correct=frequent."
quhe482,"Behaviour summary: correct_level=low, speed=fast, timing_variability=stable, correct_streak=short, incorrect_streak=long, consecutive_correct=rare."
taxa827,"Behaviour summary: correct_level=medium, speed=fast, timing_variability=stable, correct_streak=moderate, incorrect_streak=short, consecutive_correct=occasional."
vuga321,"Behaviour summary: correct_level=medium, speed=moderate, timing_variability=stable, correct_streak=short, incorrect_streak=short, consecutive_correct=occasional."
nycu731,"Behaviour summary: correct_level=high, speed=fast, timing_variability=stable, correct_streak=long, incorrect_streak=short, consecutive_correct=frequent."
raxy329,"Behaviour summary: correct_level=medium, speed=fast, timing_variability=moderately variable, correct_streak=long, incorrect_streak=short, consecutive_correct=occasional."
nyfe489,"Behaviour summary: correct_level=high, speed=moderate, timing_variability=highly variable, correct_streak=long, incorrect_streak=short, consecutive_correct=frequent."
texu966,"Behaviour summary: correct_level=low, speed=fast, timing_variability=stable, correct_streak=moderate, incorrect_streak=long, consecutive_correct=rare."
kifo712,"Behaviour summary: correct_level=low, speed=fast, timing_variability=stable, correct_streak=short, incorrect_streak=long, consecutive_correct=rare."
pajo050,"Behaviour summary: correct_level=low, speed=fast, timing_variability=moderately variable, correct_streak=moderate, incorrect_streak=long, consecutive_correct=occasional."
hefy659,"Behaviour summary: correct_level=low, speed=fast, timing_variability=stable, correct_streak=short, incorrect_streak=long, consecutive_correct=rare."
tujy672,"Behaviour summary: correct_level=medium, speed=fast, timing_variability=stable, correct_streak=long, incorrect_streak=long, consecutive_correct=frequent."
cyfe247,"Behaviour summary: correct_level=low, speed=fast, timing_variability=stable, correct_streak=short, incorrect_streak=long, consecutive_correct=rare."
xori482,"Behaviour summary: correct_level=medium, speed=fast, timing_variability=stable, correct_streak=moderate, incorrect_streak=long, consecutive_correct=occasional."
raje697,"Behaviour summary: correct_level=high, speed=slow, timing_variability=moderately variable, correct_streak=long, incorrect_streak=moderate, consecutive_correct=frequent."
biwu043,"Behaviour summary: correct_level=low, speed=moderate, timing_variability=stable, correct_streak=long, incorrect_streak=long, consecutive_correct=occasional."
cylu852,"Behaviour summary: correct_level=high, speed=slow, timing_variability=highly variable, correct_streak=moderate, incorrect_streak=short, consecutive_correct=occasional."
fode209,"Behaviour summary: correct_level=medium, speed=slow, timing_variability=highly variable, correct_streak=short, incorrect_streak=long, consecutive_correct=occasional."
woju333,"Behaviour summary: correct_level=low, speed=fast, timing_variability=moderately variable, correct_streak=moderate, incorrect_streak=long, consecutive_correct=occasional."
saca329,"Behaviour summary: correct_level=high, speed=moderate, timing_variability=moderately variable, correct_streak=long, incorrect_streak=short, consecutive_correct=frequent."
jizi110,"Behaviour summary: correct_level=medium, speed=moderate, timing_variability=highly variable, correct_streak=moderate, incorrect_streak=moderate, consecutive_correct=occasional."
vyxi492,"Behaviour summary: correct_level=high, speed=fast, timing_variability=moderately variable, correct_streak=long, incorrect_streak=short, consecutive_correct=frequent."
xehy451,"Behaviour summary: correct_level=medium, speed=slow, timing_variability=highly variable, correct_streak=long, incorrect_streak=short, consecutive_correct=occasional."
feke878,"Behaviour summary: correct_level=low, speed=slow, timing_variability=highly variable, correct_streak=moderate, incorrect_streak=moderate, consecutive_correct=rare."
rozu771,"Behaviour summary: correct_level=medium, speed=slow, timing_variability=highly variable, correct_streak=moderate, incorrect_streak=long, consecutive_correct=occasional."
duvi856,"Behaviour summary: correct_level=high, speed=moderate, timing_variability=highly variable, correct_streak=long, incorrect_streak=short, consecutive_correct=frequent."
nexu635,"Behaviour summary: correct_level=medium, speed=moderate, timing_variability=moderately variable, correct_streak=moderate, incorrect_streak=moderate, consecutive_correct=occasional."
cozi454,"Behaviour summary: correct_level=low, speed=slow, timing_variability=highly variable, correct_streak=short, incorrect_streak=moderate, consecutive_correct=rare."
saze236,"Behaviour summary: correct_level=medium, speed=slow, timing_variability=highly variable, correct_streak=long, incorrect_streak=long, consecutive_correct=occasional."
quzy338,"Behaviour summary: correct_level=medium, speed=slow, timing_variability=moderately variable, correct_streak=short, incorrect_streak=moderate, consecutive_correct=occasional."
lula174,"Behaviour summary: correct_level=high, speed=moderate, timing_variability=moderately variable, correct_streak=long, incorrect_streak=short, consecutive_correct=frequent."
buzo685,"Behaviour summary: correct_level=low, speed=moderate, timing_variability=moderately variable, correct_streak=short, incorrect_streak=short, consecutive_correct=rare."
huby293,"Behaviour summary: correct_level=high, speed=slow, timing_variability=highly variable, correct_streak=long, incorrect_streak=short, consecutive_correct=frequent."
dyhi182,"Behaviour summary: correct_level=medium, speed=slow, timing_variability=highly variable, correct_streak=long, incorrect_streak=short, consecutive_correct=occasional."
tatu362,"Behaviour summary: correct_level=high, speed=slow, timing_variability=highly variable, correct_streak=short, incorrect_streak=short, consecutive_correct=frequent."
bene344,"Behaviour summary: correct_level=medium, speed=moderate, timing_variability=highly variable, correct_streak=short, incorrect_streak=short, consecutive_correct=occasional."
keho061,"Behaviour summary: correct_level=low, speed=moderate, timing_variability=moderately variable, correct_streak=short, incorrect_streak=long, consecutive_correct=rare."
vyxy108,"Behaviour summary: correct_level=medium, speed=moderate, timing_variability=moderately variable, correct_streak=moderate, incorrect_streak=long, consecutive_correct=occasional."
zusa663,"Behaviour summary: correct_level=high, speed=moderate, timing_variability=moderately variable, correct_streak=moderate, incorrect_streak=short, consecutive_correct=frequent."
nehe056,"Behaviour summary: correct_level=high, speed=fast, timing_variability=moderately variable, correct_streak=long, incorrect_streak=short, consecutive_correct=frequent."
myve834,"Behaviour summary: correct_level=high, speed=fast, timing_variability=moderately variable, correct_streak=long, incorrect_streak=short, consecutive_correct=frequent."
tyhy481,"Behaviour summary: correct_level=low, speed=slow, timing_variability=highly variable, correct_streak=moderate, incorrect_streak=long, consecutive_correct=rare."
sati762,"Behaviour summary: correct_level=medium, speed=moderate, timing_variability=highly variable, correct_streak=long, incorrect_streak=long, consecutive_correct=occasional."
biku776,"Behaviour summary: correct_level=low, speed=moderate, timing_variability=highly variable, correct_streak=short, incorrect_streak=moderate, consecutive_correct=rare."
wify666,"Behaviour summary: correct_level=high, speed=moderate, timing_variability=moderately variable, correct_streak=long, incorrect_streak=short, consecutive_correct=frequent."
sony276,"Behaviour summary: correct_level=high, speed=moderate, timing_variability=moderately variable, correct_streak=long, incorrect_streak=moderate, consecutive_correct=frequent."
tusi463,"Behaviour summary: correct_level=medium, speed=moderate, timing_variability=highly variable, correct_streak=moderate, incorrect_streak=moderate, consecutive_correct=occasional."
baco446,"Behaviour summary: correct_level=low, speed=moderate, timing_variability=stable, correct_streak=moderate, incorrect_streak=long, consecutive_correct=rare."
coni238,"Behaviour summary: correct_level=medium, speed=moderate, timing_variability=stable, correct_streak=long, incorrect_streak=long, consecutive_correct=frequent."
tuvu087,"Behaviour summary: correct_level=low, speed=moderate, timing_variability=stable, correct_streak=moderate, incorrect_streak=long, consecutive_correct=rare."
vuci475,"Behaviour summary: correct_level=low, speed=moderate, timing_variability=stable, correct_streak=short, incorrect_streak=long, consecutive_correct=occasional."
seto741,"Behaviour summary: correct_level=low, speed=fast, timing_variability=stable, correct_streak=short, incorrect_streak=long, consecutive_correct=rare."
jewe923,"Behaviour summary: correct_level=medium, speed=moderate, timing_variability=stable, correct_streak=long, incorrect_streak=long, consecutive_correct=frequent."
jaqy340,"Behaviour summary: correct_level=medium, speed=moderate, timing_variability=moderately variable, correct_streak=long, incorrect_streak=long, consecutive_correct=occasional."
pubu440,"Behaviour summary: correct_level=low, speed=fast, timing_variability=stable, correct_streak=short, incorrect_streak=long, consecutive_correct=rare."
gyjy255,"Behaviour summary: correct_level=medium, speed=moderate, timing_variability=stable, correct_streak=long, incorrect_streak=long, consecutive_correct=occasional."
zyte492,"Behaviour summary: correct_level=high, speed=fast, timing_variability=moderately variable, correct_streak=moderate, incorrect_streak=short, consecutive_correct=frequent."
ruco451,"Behaviour summary: correct_level=low, speed=moderate, timing_variability=moderately variable, correct_streak=moderate, incorrect_streak=long, consecutive_correct=occasional."
loda300,"Behaviour summary: correct_level=medium, speed=fast, timing_variability=stable, correct_streak=long, incorrect_streak=long, consecutive_correct=occasional."
moly152,"Behaviour summary: correct_level=low, speed=moderate, timing_variability=stable, correct_streak=moderate, incorrect_streak=long, consecutive_correct=rare."
cuba307,"Behaviour summary: correct_level=medium, speed=moderate, timing_variability=moderately variable, correct_streak=long, incorrect_streak=long, consecutive_correct=occasional."
jupo405,"Behaviour summary: correct_level=low, speed=moderate, timing_variability=stable, correct_streak=short, incorrect_streak=long, consecutive_correct=rare."
xuke183,"Behaviour summary: correct_level=medium, speed=fast, timing_variability=stable, correct_streak=moderate, incorrect_streak=moderate, consecutive_correct=occasional."
mado232,"Behaviour summary: correct_level=low, speed=slow, timing_variability=moderately variable, correct_streak=short, incorrect_streak=long, consecutive_correct=rare."
zafy372,"Behaviour summary: correct_level=high, speed=moderate, timing_variability=stable, correct_streak=long, incorrect_streak=short, consecutive_correct=frequent."
gyly160,"Behaviour summary: correct_level=low, speed=fast, timing_variability=stable, correct_streak=moderate, incorrect_streak=long, consecutive_correct=rare."
tapi010,"Behaviour summary: correct_level=low, speed=fast, timing_variability=stable, correct_streak=short, incorrect_streak=long, consecutive_correct=rare."
gelu604,"Behaviour summary: correct_level=high, speed=fast, timing_variability=stable, correct_streak=long, incorrect_streak=short, consecutive_correct=frequent."
qiqi041,"Behaviour summary: correct_level=low, speed=moderate, timing_variability=stable, correct_streak=moderate, incorrect_streak=long, consecutive_correct=occasional."
ratu271,"Behaviour summary: correct_level=medium, speed=fast, timing_variability=highly variable, correct_streak=long, incorrect_streak=moderate, consecutive_correct=occasional."
kyqu130,"Behaviour summary: correct_level=high, speed=fast, timing_variability=stable, correct_streak=long, incorrect_streak=short, consecutive_correct=frequent."
lucu601,"Behaviour summary: correct_level=high, speed=fast, timing_variability=stable, correct_streak=long, incorrect_streak=short, consecutive_correct=frequent."
kama922,"Behaviour summary: correct_level=medium, speed=moderate, timing_variability=highly variable, correct_streak=short, incorrect_streak=moderate, consecutive_correct=occasional."
zoma564,"Behaviour summary: correct_level=medium, speed=fast, timing_variability=stable, correct_streak=moderate, incorrect_streak=long, consecutive_correct=occasional."
puju088,"Behaviour summary: correct_level=medium, speed=slow, timing_variability=highly variable, correct_streak=moderate, incorrect_streak=short, consecutive_correct=occasional."
jufy997,"Behaviour summary: correct_level=high, speed=slow, timing_variability=highly variable, correct_streak=moderate, incorrect_streak=short, consecutive_correct=frequent."
wyja070,"Behaviour summary: correct_level=medium, speed=moderate, timing_variability=highly variable, correct_streak=short, incorrect_streak=moderate, consecutive_correct=occasional."
dasy955,"Behaviour summary: correct_level=medium, speed=fast, timing_variability=stable, correct_streak=moderate, incorrect_streak=short, consecutive_correct=occasional."
wyki565,"Behaviour summary: correct_level=low, speed=fast, timing_variability=stable, correct_streak=moderate, incorrect_streak=moderate, consecutive_correct=rare."
garu074,"Behaviour summary: correct_level=high, speed=fast, timing_variability=stable, correct_streak=moderate, incorrect_streak=moderate, consecutive_correct=frequent."
qyxy586,"Behaviour summary: correct_level=high, speed=moderate, timing_variability=highly variable, correct_streak=long, incorrect_streak=moderate, consecutive_correct=frequent."
kegi864,"Behaviour summary: correct_level=high, speed=fast, timing_variability=moderately variable, correct_streak=long, incorrect_streak=short, consecutive_correct=frequent."
gyge774,"Behaviour summary: correct_level=medium, speed=fast, timing_variability=moderately variable, correct_streak=long, incorrect_streak=short, consecutive_correct=occasional."
vyda893,"Behaviour summary: correct_level=low, speed=fast, timing_variability=stable, correct_streak=short, incorrect_streak=long, consecutive_correct=rare."
vuvy608,"Behaviour summary: correct_level=high, speed=moderate, timing_variability=highly variable, correct_streak=long, incorrect_streak=short, consecutive_correct=frequent."
vizo712,"Behaviour summary: correct_level=high, speed=fast, timing_variability=stable, correct_streak=moderate, incorrect_streak=short, consecutive_correct=occasional."
givi158,"Behaviour summary: correct_level=low, speed=slow, timing_variability=highly variable, correct_streak=short, incorrect_streak=long, consecutive_correct=rare."
caro445,"Behaviour summary: correct_level=high, speed=moderate, timing_variability=moderately variable, correct_streak=long, incorrect_streak=moderate, consecutive_correct=frequent."
nene689,"Behaviour summary: correct_level=high, speed=moderate, timing_variability=highly variable, correct_streak=long, incorrect_streak=short, consecutive_correct=frequent."
ryfy568,"Behaviour summary: correct_level=low, speed=fast, timing_variability=stable, correct_streak=short, incorrect_streak=short, consecutive_correct=rare."
johy783,"Behaviour summary: correct_level=low, speed=slow, timing_variability=highly variable, correct_streak=short, incorrect_streak=long, consecutive_correct=rare."
sulo956,"Behaviour summary: correct_level=low, speed=slow, timing_variability=highly variable, correct_streak=short, incorrect_streak=moderate, consecutive_correct=rare."
gony054,"Behaviour summary: correct_level=high, speed=moderate, timing_variability=highly variable, correct_streak=moderate, incorrect_streak=short, consecutive_correct=frequent."
puca767,"Behaviour summary: correct_level=medium, speed=slow, timing_variability=highly variable, correct_streak=moderate, incorrect_streak=short, consecutive_correct=occasional."
baky109,"Behaviour summary: correct_level=low, speed=moderate, timing_variability=stable, correct_streak=short, incorrect_streak=long, consecutive_correct=rare."
mabo887,"Behaviour summary: correct_level=medium, speed=moderate, timing_variability=moderately variable, correct_streak=moderate, incorrect_streak=moderate, consecutive_correct=occasional."
cona428,"Behaviour summary: correct_level=high, speed=moderate, timing_variability=highly variable, correct_streak=long, incorrect_streak=short, consecutive_correct=frequent."
lilo882,"Behaviour summary: correct_level=medium, speed=moderate, timing_variability=moderately variable, correct_streak=moderate, incorrect_streak=short, consecutive_correct=occasional."
gycy436,"Behaviour summary: correct_level=medium, speed=moderate, timing_variability=moderately variable, correct_streak=long, incorrect_streak=long, consecutive_correct=occasional."
jyri631,"Behaviour summary: correct_level=high, speed=slow, timing_variability=highly variable, correct_streak=long, incorrect_streak=short, consecutive_correct=frequent."
safu128,"Behaviour summary: correct_level=high, speed=slow, timing_variability=moderately variable, correct_streak=long, incorrect_streak=short, consecutive_correct=frequent."
fore104,"Behaviour summary: correct_level=high, speed=moderate, timing_variability=moderately variable, correct_streak=moderate, incorrect_streak=short, consecutive_correct=frequent."
zabe850,"Behaviour summary: correct_level=high, speed=moderate, timing_variability=moderately variable, correct_streak=long, incorrect_streak=short, consecutive_correct=frequent."
woci389,"Behaviour summary: correct_level=medium, speed=slow, timing_variability=highly variable, correct_streak=moderate, incorrect_streak=short, consecutive_correct=occasional."
kygi723,"Behaviour summary: correct_level=medium, speed=slow, timing_variability=highly variable, correct_streak=long, incorrect_streak=long, consecutive_correct=frequent."
qejy219,"Behaviour summary: correct_level=high, speed=moderate, timing_variability=moderately variable, correct_streak=moderate, incorrect_streak=short, consecutive_correct=frequent."
jago498,"Behaviour summary: correct_level=high, speed=moderate, timing_variability=highly variable, correct_streak=moderate, incorrect_streak=short, consecutive_correct=frequent."
buby593,"Behaviour summary: correct_level=high, speed=fast, timing_variability=stable, correct_streak=long, incorrect_streak=short, consecutive_correct=frequent."
dapu822,"Behaviour summary: correct_level=high, speed=slow, timing_variability=highly variable, correct_streak=moderate, incorrect_streak=moderate, consecutive_correct=frequent."
sugu976,"Behaviour summary: correct_level=low, speed=fast, timing_variability=stable, correct_streak=short, incorrect_streak=long, consecutive_correct=rare."
wuxa997,"Behaviour summary: correct_level=low, speed=slow, timing_variability=moderately variable, correct_streak=moderate, incorrect_streak=long, consecutive_correct=occasional."
tiqy778,"Behaviour summary: correct_level=high, speed=fast, timing_variability=stable, correct_streak=long, incorrect_streak=short, consecutive_correct=occasional."
xyfe491,"Behaviour summary: correct_level=low, speed=moderate, timing_variability=moderately variable, correct_streak=short, incorrect_streak=long, consecutive_correct=rare."
ryhy064,"Behaviour summary: correct_level=high, speed=fast, timing_variability=moderately variable, correct_streak=long, incorrect_streak=moderate, consecutive_correct=frequent."
kufi222,"Behaviour summary: correct_level=medium, speed=fast, timing_variability=stable, correct_streak=long, incorrect_streak=long, consecutive_correct=occasional."
xaja332,"Behaviour summary: correct_level=medium, speed=moderate, timing_variability=moderately variable, correct_streak=moderate, incorrect_streak=long, consecutive_correct=occasional."
fofa613,"Behaviour summary: correct_level=low, speed=fast, timing_variability=stable, correct_streak=short, incorrect_streak=long, consecutive_correct=rare."
viba035,"Behaviour summary: correct_level=low, speed=moderate, timing_variability=moderately variable, correct_streak=moderate, incorrect_streak=long, consecutive_correct=rare."
qewy924,"Behaviour summary: correct_level=high, speed=fast, timing_variability=stable, correct_streak=moderate, incorrect_streak=moderate, consecutive_correct=frequent."
pytu496,"Behaviour summary: correct_level=medium, speed=fast, timing_variability=moderately variable, correct_streak=moderate, incorrect_streak=moderate, consecutive_correct=occasional."
tosa657,"Behaviour summary: correct_level=high, speed=fast, timing_variability=stable, correct_streak=moderate, incorrect_streak=short, consecutive_correct=frequent."
keri121,"Behaviour summary: correct_level=high, speed=fast, timing_variability=stable, correct_streak=long, incorrect_streak=short, consecutive_correct=frequent."
bofi991,"Behaviour summary: correct_level=low, speed=moderate, timing_variability=moderately variable, correct_streak=moderate, incorrect_streak=long, consecutive_correct=rare."
bihi184,"Behaviour summary: correct_level=low, speed=fast, timing_variability=stable, correct_streak=short, incorrect_streak=long, consecutive_correct=rare."
piro376,"Behaviour summary: correct_level=medium, speed=slow, timing_variability=highly variable, correct_streak=long, incorrect_streak=long, consecutive_correct=occasional."
zejy480,"Behaviour summary: correct_level=low, speed=moderate, timing_variability=highly variable, correct_streak=short, incorrect_streak=long, consecutive_correct=rare."
zapy404,"Behaviour summary: correct_level=low, speed=slow, timing_variability=moderately variable, correct_streak=short, incorrect_streak=long, consecutive_correct=rare."
lusi512,"Behaviour summary: correct_level=medium, speed=slow, timing_variability=highly variable, correct_streak=moderate, incorrect_streak=long, consecutive_correct=occasional."
sedo490,"Behaviour summary: correct_level=low, speed=moderate, timing_variability=stable, correct_streak=short, incorrect_streak=long, consecutive_correct=rare."
davu999,"Behaviour summary: correct_level=medium, speed=moderate, timing_variability=moderately variable, correct_streak=moderate, incorrect_streak=short, consecutive_correct=occasional."
buby236,"Behaviour summary: correct_level=low, speed=fast, timing_variability=moderately variable, correct_streak=short, incorrect_streak=long, consecutive_correct=rare."
weru214,"Behaviour summary: correct_level=medium, speed=fast, timing_variability=stable, correct_streak=moderate, incorrect_streak=short, consecutive_correct=occasional."
tyly265,"Behaviour summary: correct_level=low, speed=slow, timing_variability=highly variable, correct_streak=short, incorrect_streak=long, consecutive_correct=rare."
nise834,"Behaviour summary: correct_level=low, speed=moderate, timing_variability=moderately variable, correct_streak=short, incorrect_streak=long, consecutive_correct=rare."
voxy002,"Behaviour summary: correct_level=low, speed=fast, timing_variability=stable, correct_streak=short, incorrect_streak=long, consecutive_correct=rare."
fypi681,"Behaviour summary: correct_level=medium, speed=moderate, timing_variability=highly variable, correct_streak=short, incorrect_streak=long, consecutive_correct=occasional."
xopa120,"Behaviour summary: correct_level=low, speed=fast, timing_variability=stable, correct_streak=short, incorrect_streak=long, consecutive_correct=rare."
wari483,"Behaviour summary: correct_level=low, speed=slow, timing_variability=moderately variable, correct_streak=long, incorrect_streak=long, consecutive_correct=occasional."
kegy317,"Behaviour summary: correct_level=medium, speed=fast, timing_variability=moderately variable, correct_streak=long, incorrect_streak=short, consecutive_correct=occasional."
geka905,"Behaviour summary: correct_level=medium, speed=slow, timing_variability=highly variable, correct_streak=long, incorrect_streak=short, consecutive_correct=occasional."
lore323,"Behaviour summary: correct_level=low, speed=moderate, timing_variability=stable, correct_streak=short, incorrect_streak=long, consecutive_correct=rare."
vane668,"Behaviour summary: correct_level=high, speed=slow, timing_variability=highly variable, correct_streak=long, incorrect_streak=short, consecutive_correct=frequent."
zuxy510,"Behaviour summary: correct_level=low, speed=fast, timing_variability=stable, correct_streak=short, incorrect_streak=long, consecutive_correct=rare."
masu336,"Behaviour summary: correct_level=medium, speed=fast, timing_variability=stable, correct_streak=short, incorrect_streak=short, consecutive_correct=occasional."
xise560,"Behaviour summary: correct_level=medium, speed=moderate, timing_variability=moderately variable, correct_streak=short, incorrect_streak=long, consecutive_correct=occasional."
zomi496,"Behaviour summary: correct_level=low, speed=slow, timing_variability=highly variable, correct_streak=short, incorrect_streak=long, consecutive_correct=rare."
lilu285,"Behaviour summary: correct_level=low, speed=slow, timing_variability=highly variable, correct_streak=short, incorrect_streak=long, consecutive_correct=rare."
heqi003,"Behaviour summary: correct_level=low, speed=fast, timing_variability=highly variable, correct_streak=short, incorrect_streak=long, consecutive_correct=rare."
jise415,"Behaviour summary: correct_level=high, speed=fast, timing_variability=stable, correct_streak=long, incorrect_streak=short, consecutive_correct=frequent."
vabe169,"Behaviour summary: correct_level=high, speed=moderate, timing_variability=moderately variable, correct_streak=long, incorrect_streak=short, consecutive_correct=frequent."
kofa904,"Behaviour summary: correct_level=low, speed=slow, timing_variability=highly variable, correct_streak=short, incorrect_streak=long, consecutive_correct=rare."
peqo117,"Behaviour summary: correct_level=low, speed=fast, timing_variability=stable, correct_streak=short, incorrect_streak=long, consecutive_correct=rare."
gaho243,"Behaviour summary: correct_level=medium, speed=slow, timing_variability=moderately variable, correct_streak=moderate, incorrect_streak=moderate, consecutive_correct=occasional."
mude815,"Behaviour summary: correct_level=low, speed=fast, timing_variability=stable, correct_streak=short, incorrect_streak=long, consecutive_correct=rare."
raxe285,"Behaviour summary: correct_level=low, speed=fast, timing_variability=stable, correct_streak=moderate, incorrect_streak=long, consecutive_correct=occasional."
qami382,"Behaviour summary: correct_level=high, speed=moderate, timing_variability=moderately variable, correct_streak=moderate, incorrect_streak=short, consecutive_correct=frequent."
bebo956,"Behaviour summary: correct_level=low, speed=slow, timing_variability=moderately variable, correct_streak=short, incorrect_streak=long, consecutive_correct=rare."
cofi309,"Behaviour summary: correct_level=medium, speed=slow, timing_variability=highly variable, correct_streak=long, incorrect_streak=short, consecutive_correct=frequent."
buqe642,"Behaviour summary: correct_level=high, speed=fast, timing_variability=moderately variable, correct_streak=moderate, incorrect_streak=short, consecutive_correct=frequent."
vuzo690,"Behaviour summary: correct_level=medium, speed=slow, timing_variability=highly variable, correct_streak=moderate, incorrect_streak=short, consecutive_correct=occasional."
posy958,"Behaviour summary: correct_level=high, speed=moderate, timing_variability=moderately variable, correct_streak=long, incorrect_streak=long, consecutive_correct=frequent."
gaga585,"Behaviour summary: correct_level=medium, speed=fast, timing_variability=stable, correct_streak=long, incorrect_streak=moderate, consecutive_correct=occasional."
vopa930,"Behaviour summary: correct_level=medium, speed=moderate, timing_variability=moderately variable, correct_streak=short, incorrect_streak=short, consecutive_correct=occasional."
xutu412,"Behaviour summary: correct_level=high, speed=moderate, timing_variability=moderately variable, correct_streak=long, incorrect_streak=short, consecutive_correct=frequent."
doxi119,"Behaviour summary: correct_level=low, speed=moderate, timing_variability=highly variable, correct_streak=short, incorrect_streak=long, consecutive_correct=rare."
feqy379,"Behaviour summary: correct_level=high, speed=moderate, timing_variability=stable, correct_streak=long, incorrect_streak=moderate, consecutive_correct=frequent."
xypo299,"Behaviour summary: correct_level=low, speed=slow, timing_variability=moderately variable, correct_streak=short, incorrect_streak=long, consecutive_correct=rare."
gahu141,"Behaviour summary: correct_level=high, speed=fast, timing_variability=stable, correct_streak=moderate, incorrect_streak=short, consecutive_correct=frequent."
kyse146,"Behaviour summary: correct_level=high, speed=moderate, timing_variability=moderately variable, correct_streak=long, incorrect_streak=short, consecutive_correct=frequent."
sedi312,"Behaviour summary: correct_level=medium, speed=moderate, timing_variability=stable, correct_streak=moderate, incorrect_streak=short, consecutive_correct=frequent."
nasi298,"Behaviour summary: correct_level=high, speed=moderate, timing_variability=moderately variable, correct_streak=long, incorrect_streak=short, consecutive_correct=frequent."
naky151,"Behaviour summary: correct_level=low, speed=slow, timing_variability=highly variable, correct_streak=short, incorrect_streak=long, consecutive_correct=rare."
koqa816,"Behaviour summary: correct_level=high, speed=moderate, timing_variability=moderately variable, correct_streak=long, incorrect_streak=short, consecutive_correct=frequent."
sila763,"Behaviour summary: correct_level=high, speed=moderate, timing_variability=stable, correct_streak=long, incorrect_streak=short, consecutive_correct=frequent."
pody147,"Behaviour summary: correct_level=high, speed=fast, timing_variability=moderately variable, correct_streak=long, incorrect_streak=short, consecutive_correct=frequent."
voza333,"Behaviour summary: correct_level=high, speed=moderate, timing_variability=stable, correct_streak=long, incorrect_streak=short, consecutive_correct=frequent."
tiro932,"Behaviour summary: correct_level=medium, speed=moderate, timing_variability=moderately variable, correct_streak=moderate, incorrect_streak=short, consecutive_correct=occasional."
wujy562,"Behaviour summary: correct_level=high, speed=moderate, timing_variability=highly variable, correct_streak=moderate, incorrect_streak=short, consecutive_correct=frequent."
hamu369,"Behaviour summary: correct_level=high, speed=slow, timing_variability=highly variable, correct_streak=long, incorrect_streak=short, consecutive_correct=frequent."
nape687,"Behaviour summary: correct_level=low, speed=slow, timing_variability=highly variable, correct_streak=short, incorrect_streak=long, consecutive_correct=rare."
gevi782,"Behaviour summary: correct_level=medium, speed=slow, timing_variability=highly variable, correct_streak=long, incorrect_streak=long, consecutive_correct=occasional."
qoha890,"Behaviour summary: correct_level=high, speed=fast, timing_variability=stable, correct_streak=long, incorrect_streak=short, consecutive_correct=frequent."
fili803,"Behaviour summary: correct_level=high, speed=fast, timing_variability=stable, correct_streak=long, incorrect_streak=short, consecutive_correct=frequent."
puce552,"Behaviour summary: correct_level=low, speed=moderate, timing_variability=stable, correct_streak=short, incorrect_streak=long, consecutive_correct=rare."
buny935,"Behaviour summary: correct_level=medium, speed=fast, timing_variability=stable, correct_streak=long, incorrect_streak=moderate, consecutive_correct=occasional."
pimi228,"Behaviour summary: correct_level=medium, speed=moderate, timing_variability=highly variable, correct_streak=short, incorrect_streak=short, consecutive_correct=rare."
kyjo289,"Behaviour summary: correct_level=medium, speed=slow, timing_variability=moderately variable, correct_streak=long, incorrect_streak=short, consecutive_correct=occasional."
bepo134,"Behaviour summary: correct_level=high, speed=moderate, timing_variability=stable, correct_streak=long, incorrect_streak=long, consecutive_correct=frequent."
kise589,"Behaviour summary: correct_level=high, speed=slow, timing_variability=moderately variable, correct_streak=long, incorrect_streak=short, consecutive_correct=frequent."
remi231,"Behaviour summary: correct_level=medium, speed=slow, timing_variability=moderately variable, correct_streak=short, incorrect_streak=long, consecutive_correct=rare."
qyjo579,"Behaviour summary: correct_level=medium, speed=moderate, timing_variability=highly variable, correct_streak=short, incorrect_streak=short, consecutive_correct=occasional."
cyhu257,"Behaviour summary: correct_level=low, speed=moderate, timing_variability=stable, correct_streak=moderate, incorrect_streak=long, consecutive_correct=rare."
diha837,"Behaviour summary: correct_level=medium, speed=fast, timing_variability=moderately variable, correct_streak=moderate, incorrect_streak=short, consecutive_correct=occasional."
ware232,"Behaviour summary: correct_level=high, speed=slow, timing_variability=highly variable, correct_streak=long, incorrect_streak=short, consecutive_correct=frequent."
hyge979,"Behaviour summary: correct_level=high, speed=moderate, timing_variability=highly variable, correct_streak=moderate, incorrect_streak=short, consecutive_correct=frequent."
biqe951,"Behaviour summary: correct_level=medium, speed=moderate, timing_variability=stable, correct_streak=moderate, incorrect_streak=moderate, consecutive_correct=occasional."
jide437,"Behaviour summary: correct_level=high, speed=moderate, timing_variability=moderately variable, correct_streak=long, incorrect_streak=short, consecutive_correct=frequent."
zipu412,"Behaviour summary: correct_level=high, speed=fast, timing_variability=stable, correct_streak=long, incorrect_streak=short, consecutive_correct=occasional."
vate767,"Behaviour summary: correct_level=high, speed=fast, timing_variability=moderately variable, correct_streak=long, incorrect_streak=short, consecutive_correct=occasional."
mefy253,"Behaviour summary: correct_level=high, speed=slow, timing_variability=highly variable, correct_streak=moderate, incorrect_streak=moderate, consecutive_correct=frequent."
qafe413,"Behaviour summary: correct_level=low, speed=fast, timing_variability=stable, correct_streak=short, incorrect_streak=long, consecutive_correct=rare."
lota555,"Behaviour summary: correct_level=low, speed=fast, timing_variability=stable, correct_streak=short, incorrect_streak=long, consecutive_correct=rare."
mecu237,"Behaviour summary: correct_level=medium, speed=moderate, timing_variability=highly variable, correct_streak=moderate, incorrect_streak=short, consecutive_correct=occasional."
cidy099,"Behaviour summary: correct_level=high, speed=fast, timing_variability=stable, correct_streak=long, incorrect_streak=short, consecutive_correct=frequent."
xoba600,"Behaviour summary: correct_level=high, speed=fast, timing_variability=highly variable, correct_streak=moderate, incorrect_streak=moderate, consecutive_correct=frequent."
joce161,"Behaviour summary: correct_level=low, speed=fast, timing_variability=stable, correct_streak=short, incorrect_streak=long, consecutive_correct=rare."
kywu572,"Behaviour summary: correct_level=high, speed=fast, timing_variability=stable, correct_streak=long, incorrect_streak=short, consecutive_correct=frequent."
jefi901,"Behaviour summary: correct_level=high, speed=fast, timing_variability=stable, correct_streak=moderate, incorrect_streak=short, consecutive_correct=frequent."
mari840,"Behaviour summary: correct_level=medium, speed=moderate, timing_variability=highly variable, correct_streak=long, incorrect_streak=long, consecutive_correct=occasional."
nypy058,"Behaviour summary: correct_level=low, speed=fast, timing_variability=stable, correct_streak=moderate, incorrect_streak=long, consecutive_correct=occasional."
rino885,"Behaviour summary: correct_level=medium, speed=fast, timing_variability=stable, correct_streak=long, incorrect_streak=short, consecutive_correct=occasional."
maju644,"Behaviour summary: correct_level=low, speed=fast, timing_variability=moderately variable, correct_streak=short, incorrect_streak=long, consecutive_correct=rare."
qosy291,"Behaviour summary: correct_level=medium, speed=fast, timing_variability=stable, correct_streak=moderate, incorrect_streak=short, consecutive_correct=occasional."
posy537,"Behaviour summary: correct_level=high, speed=fast, timing_variability=stable, correct_streak=long, incorrect_streak=short, consecutive_correct=frequent."
xoki390,"Behaviour summary: correct_level=low, speed=fast, timing_variability=moderately variable, correct_streak=short, incorrect_streak=long, consecutive_correct=rare."
fagi164,"Behaviour summary: correct_level=low, speed=moderate, timing_variability=stable, correct_streak=short, incorrect_streak=long, consecutive_correct=rare."
zozy719,"Behaviour summary: correct_level=high, speed=moderate, timing_variability=moderately variable, correct_streak=long, incorrect_streak=long, consecutive_correct=frequent."
bopa107,"Behaviour summary: correct_level=high, speed=fast, timing_variability=stable, correct_streak=long, incorrect_streak=long, consecutive_correct=frequent."
jyly989,"Behaviour summary: correct_level=medium, speed=fast, timing_variability=stable, correct_streak=short, incorrect_streak=short, consecutive_correct=rare."
togu404,"Behaviour summary: correct_level=medium, speed=moderate, timing_variability=stable, correct_streak=long, incorrect_streak=moderate, consecutive_correct=occasional."
gosa272,"Behaviour summary: correct_level=low, speed=moderate, timing_variability=moderately variable, correct_streak=moderate, incorrect_streak=long, consecutive_correct=rare."
fovo989,"Behaviour summary: correct_level=high, speed=fast, timing_variability=moderately variable, correct_streak=moderate, incorrect_streak=short, consecutive_correct=frequent."
sira606,"Behaviour summary: correct_level=medium, speed=moderate, timing_variability=stable, correct_streak=long, incorrect_streak=long, consecutive_correct=frequent."
loby351,"Behaviour summary: correct_level=medium, speed=moderate, timing_variability=moderately variable, correct_streak=moderate, incorrect_streak=long, consecutive_correct=occasional."
fike806,"Behaviour summary: correct_level=medium, speed=fast, timing_variability=stable, correct_streak=long, incorrect_streak=long, consecutive_correct=occasional."
fafe171,"Behaviour summary: correct_level=low, speed=slow, timing_variability=highly variable, correct_streak=short, incorrect_streak=long, consecutive_correct=rare."
zyvo780,"Behaviour summary: correct_level=high, speed=moderate, timing_variability=stable, correct_streak=long, incorrect_streak=short, consecutive_correct=frequent."
xune455,"Behaviour summary: correct_level=medium, speed=fast, timing_variability=moderately variable, correct_streak=moderate, incorrect_streak=long, consecutive_correct=occasional."
vamu972,"Behaviour summary: correct_level=high, speed=fast, timing_variability=moderately variable, correct_streak=long, incorrect_streak=short, consecutive_correct=frequent."
suzo040,"Behaviour summary: correct_level=medium, speed=slow, timing_variability=highly variable, correct_streak=moderate, incorrect_streak=moderate, consecutive_correct=rare."
wype120,"Behaviour summary: correct_level=medium, speed=fast, timing_variability=moderately variable, correct_streak=moderate, incorrect_streak=long, consecutive_correct=occasional."
jicu869,"Behaviour summary: correct_level=low, speed=moderate, timing_variability=stable, correct_streak=moderate, incorrect_streak=long, consecutive_correct=rare."
wero373,"Behaviour summary: correct_level=high, speed=moderate, timing_variability=stable, correct_streak=moderate, incorrect_streak=short, consecutive_correct=frequent."
juqo313,"Behaviour summary: correct_level=high, speed=fast, timing_variability=stable, correct_streak=long, incorrect_streak=moderate, consecutive_correct=frequent."
vexo008,"Behaviour summary: correct_level=low, speed=slow, timing_variability=highly variable, correct_streak=short, incorrect_streak=long, consecutive_correct=rare."
punu787,"Behaviour summary: correct_level=low, speed=slow, timing_variability=moderately variable, correct_streak=short, incorrect_streak=long, consecutive_correct=rare."
tomo782,"Behaviour summary: correct_level=low, speed=moderate, timing_variability=stable, correct_streak=short, incorrect_streak=long, consecutive_correct=rare."
cupe992,"Behaviour summary: correct_level=low, speed=moderate, timing_variability=moderately variable, correct_streak=short, incorrect_streak=long, consecutive_correct=rare."
kyjo535,"Behaviour summary: correct_level=medium, speed=fast, timing_variability=stable, correct_streak=moderate, incorrect_streak=moderate, consecutive_correct=occasional."
raja244,"Behaviour summary: correct_level=medium, speed=moderate, timing_variability=moderately variable, correct_streak=short, incorrect_streak=long, consecutive_correct=occasional."
pino324,"Behaviour summary: correct_level=medium, speed=slow, timing_variability=highly variable, correct_streak=moderate, incorrect_streak=long, consecutive_correct=occasional."
qutu379,"Behaviour summary: correct_level=low, speed=fast, timing_variability=moderately variable, correct_streak=moderate, incorrect_streak=long, consecutive_correct=rare."
nolu547,"Behaviour summary: correct_level=low, speed=slow, timing_variability=highly variable, correct_streak=short, incorrect_streak=moderate, consecutive_correct=rare."
cape571,"Behaviour summary: correct_level=low, speed=moderate, timing_variability=stable, correct_streak=short, incorrect_streak=long, consecutive_correct=rare."
coma628,"Behaviour summary: correct_level=medium, speed=slow, timing_variability=moderately variable, correct_streak=moderate, incorrect_streak=short, consecutive_correct=occasional."
mida684,"Behaviour summary: correct_level=high, speed=fast, timing_variability=moderately variable, correct_streak=long, incorrect_streak=short, consecutive_correct=frequent."
gaqe214,"Behaviour summary: correct_level=high, speed=fast, timing_variability=stable, correct_streak=moderate, incorrect_streak=short, consecutive_correct=frequent."
pufe463,"Behaviour summary: correct_level=high, speed=fast, timing_variability=moderately variable, correct_streak=long, incorrect_streak=short, consecutive_correct=frequent."
fifa517,"Behaviour summary: correct_level=high, speed=fast, timing_variability=stable, correct_streak=moderate, incorrect_streak=short, consecutive_correct=frequent."
wuzy577,"Behaviour summary: correct_level=high, speed=fast, timing_variability=stable, correct_streak=long, incorrect_streak=short, consecutive_correct=frequent."
sire515,"Behaviour summary: correct_level=high, speed=fast, timing_variability=moderately variable, correct_streak=long, incorrect_streak=short, consecutive_correct=frequent."
xyhi085,"Behaviour summary: correct_level=high, speed=fast, timing_variability=stable, correct_streak=long, incorrect_streak=moderate, consecutive_correct=frequent."
nexy906,"Behaviour summary: correct_level=high, speed=fast, timing_variability=stable, correct_streak=long, incorrect_streak=short, consecutive_correct=frequent."
pyzi618,"Behaviour summary: correct_level=high, speed=fast, timing_variability=highly variable, correct_streak=long, incorrect_streak=short, consecutive_correct=frequent."
muku118,"Behaviour summary: correct_level=medium, speed=fast, timing_variability=stable, correct_streak=moderate, incorrect_streak=moderate, consecutive_correct=occasional."
kewi488,"Behaviour summary: correct_level=medium, speed=fast, timing_variability=stable, correct_streak=short, incorrect_streak=moderate, consecutive_correct=occasional."
xafu780,"Behaviour summary: correct_level=low, speed=fast, timing_variability=stable, correct_streak=short, incorrect_streak=long, consecutive_correct=rare."
wowy820,"Behaviour summary: correct_level=low, speed=slow, timing_variability=moderately variable, correct_streak=short, incorrect_streak=long, consecutive_correct=rare."
ryzo168,"Behaviour summary: correct_level=medium, speed=moderate, timing_variability=moderately variable, correct_streak=moderate, incorrect_streak=short, consecutive_correct=occasional."
xavy753,"Behaviour summary: correct_level=low, speed=slow, timing_variability=highly variable, correct_streak=short, incorrect_streak=long, consecutive_correct=rare."
deje129,"Behaviour summary: correct_level=low, speed=slow, timing_variability=moderately variable, correct_streak=short, incorrect_streak=long, consecutive_correct=rare."
